{
  "workspaces": {
    "ids": [
      "auto-e",
      "auto-g",
      "auto-n",
      "default"
    ],
    "values": [
      {
        "data": {
          "file-browser-filebrowser:columns": {
            "sizes": {
              "name": 139.5,
              "file_size": null,
              "is_selected": 18,
              "last_modified": 86.5
            }
          },
          "layout-restorer:data": {
            "main": {
              "dock": {
                "type": "tab-area",
                "currentIndex": 0,
                "widgets": []
              }
            },
            "down": {
              "size": 0,
              "widgets": []
            },
            "left": {
              "collapsed": false,
              "visible": true,
              "current": "filebrowser",
              "widgets": [
                "filebrowser",
                "running-sessions",
                "@jupyterlab/toc:plugin",
                "extensionmanager.main-view"
              ],
              "widgetStates": {
                "jp-running-sessions": {
                  "sizes": [
                    0.16666666666666669,
                    0.16666666666666669,
                    0.16666666666666669,
                    0.16666666666666669,
                    0.16666666666666669,
                    0.16666666666666669
                  ],
                  "expansionStates": [
                    false,
                    false,
                    false,
                    false,
                    false,
                    false
                  ]
                },
                "extensionmanager.main-view": {
                  "sizes": [
                    1,
                    0,
                    0
                  ],
                  "expansionStates": [
                    false,
                    false,
                    false
                  ]
                }
              }
            },
            "right": {
              "collapsed": true,
              "visible": true,
              "widgets": [
                "jp-property-inspector",
                "debugger-sidebar"
              ],
              "widgetStates": {
                "jp-debugger-sidebar": {
                  "sizes": [
                    0.2,
                    0.2,
                    0.2,
                    0.2,
                    0.2
                  ],
                  "expansionStates": [
                    false,
                    false,
                    false,
                    false,
                    false
                  ]
                }
              }
            },
            "relativeSizes": [
              0.18281136198106337,
              0.8171886380189366,
              0
            ],
            "top": {
              "simpleVisibility": true
            }
          },
          "docmanager:recents": {
            "opened": [
              {
                "path": "",
                "contentType": "directory",
                "root": "/tmp/jupyter"
              },
              {
                "path": "hello.txt",
                "contentType": "file",
                "factory": "Editor",
                "root": "/tmp/jupyter"
              }
            ],
            "closed": [
              {
                "path": "hello.txt",
                "contentType": "file",
                "factory": "Editor",
                "root": "/tmp/jupyter"
              }
            ]
          }
        },
        "metadata": {
          "id": "auto-e",
          "last_modified": "2025-12-15T17:14:44.485376+00:00",
          "created": "2025-12-15T17:14:44.485376+00:00"
        }
      },
      {
        "data": {
          "file-browser-filebrowser:columns": {
            "sizes": {
              "name": 139.5,
              "file_size": null,
              "is_selected": 18,
              "last_modified": 86.5
            }
          },
          "layout-restorer:data": {
            "main": {
              "dock": {
                "type": "tab-area",
                "currentIndex": 0,
                "widgets": []
              }
            },
            "down": {
              "size": 0,
              "widgets": []
            },
            "left": {
              "collapsed": false,
              "visible": true,
              "current": "filebrowser",
              "widgets": [
                "filebrowser",
                "running-sessions",
                "@jupyterlab/toc:plugin",
                "extensionmanager.main-view"
              ],
              "widgetStates": {
                "jp-running-sessions": {
                  "sizes": [
                    0.16666666666666666,
                    0.16666666666666666,
                    0.16666666666666666,
                    0.16666666666666666,
                    0.16666666666666666,
                    0.16666666666666666
                  ],
                  "expansionStates": [
                    false,
                    false,
                    false,
                    false,
                    false,
                    false
                  ]
                },
                "extensionmanager.main-view": {
                  "sizes": [
                    0.3333333333333333,
                    0.3333333333333333,
                    0.3333333333333333
                  ],
                  "expansionStates": [
                    false,
                    false,
                    false
                  ]
                }
              }
            },
            "right": {
              "collapsed": true,
              "visible": true,
              "widgets": [
                "jp-property-inspector",
                "debugger-sidebar"
              ],
              "widgetStates": {
                "jp-debugger-sidebar": {
                  "sizes": [
                    0.2,
                    0.2,
                    0.2,
                    0.2,
                    0.2
                  ],
                  "expansionStates": [
                    false,
                    false,
                    false,
                    false,
                    false
                  ]
                }
              }
            },
            "relativeSizes": [
              0.5229166666666667,
              0.47708333333333336,
              0
            ],
            "top": {
              "simpleVisibility": true
            }
          },
          "docmanager:recents": {
            "opened": [],
            "closed": []
          }
        },
        "metadata": {
          "id": "auto-g",
          "last_modified": "2025-12-15T18:00:29.097997+00:00",
          "created": "2025-12-15T18:00:29.097997+00:00"
        }
      },
      {
        "data": {
          "file-browser-filebrowser:columns": {
            "sizes": {
              "name": 139.5,
              "file_size": null,
              "is_selected": 18,
              "last_modified": 86.5
            }
          },
          "layout-restorer:data": {
            "main": {
              "dock": {
                "type": "tab-area",
                "currentIndex": 0,
                "widgets": []
              }
            },
            "down": {
              "size": 0,
              "widgets": []
            },
            "left": {
              "collapsed": false,
              "visible": true,
              "current": "filebrowser",
              "widgets": [
                "filebrowser",
                "running-sessions",
                "@jupyterlab/toc:plugin",
                "extensionmanager.main-view"
              ],
              "widgetStates": {
                "jp-running-sessions": {
                  "sizes": [
                    0.16666666666666666,
                    0.16666666666666666,
                    0.16666666666666666,
                    0.16666666666666666,
                    0.16666666666666666,
                    0.16666666666666666
                  ],
                  "expansionStates": [
                    false,
                    false,
                    false,
                    false,
                    false,
                    false
                  ]
                },
                "extensionmanager.main-view": {
                  "sizes": [
                    0.3333333333333333,
                    0.3333333333333333,
                    0.3333333333333333
                  ],
                  "expansionStates": [
                    false,
                    false,
                    false
                  ]
                }
              }
            },
            "right": {
              "collapsed": true,
              "visible": true,
              "widgets": [
                "jp-property-inspector",
                "debugger-sidebar"
              ],
              "widgetStates": {
                "jp-debugger-sidebar": {
                  "sizes": [
                    0.2,
                    0.2,
                    0.2,
                    0.2,
                    0.2
                  ],
                  "expansionStates": [
                    false,
                    false,
                    false,
                    false,
                    false
                  ]
                }
              }
            },
            "relativeSizes": [
              0.5229166666666667,
              0.47708333333333336,
              0
            ],
            "top": {
              "simpleVisibility": true
            }
          },
          "docmanager:recents": {
            "opened": [],
            "closed": []
          }
        },
        "metadata": {
          "id": "auto-n",
          "last_modified": "2025-12-15T18:14:25.766538+00:00",
          "created": "2025-12-15T18:14:25.766538+00:00"
        }
      },
      {
        "data": {
          "file-browser-filebrowser:columns": {
            "sizes": {
              "name": 139.5,
              "file_size": null,
              "is_selected": 18,
              "last_modified": 86.5
            }
          },
          "layout-restorer:data": {
            "main": {
              "dock": {
                "type": "tab-area",
                "currentIndex": 0,
                "widgets": []
              }
            },
            "down": {
              "size": 0,
              "widgets": []
            },
            "left": {
              "collapsed": false,
              "visible": true,
              "current": "filebrowser",
              "widgets": [
                "filebrowser",
                "running-sessions",
                "@jupyterlab/toc:plugin",
                "extensionmanager.main-view"
              ],
              "widgetStates": {
                "jp-running-sessions": {
                  "sizes": [
                    0.16666666666666666,
                    0.16666666666666666,
                    0.16666666666666666,
                    0.16666666666666666,
                    0.16666666666666666,
                    0.16666666666666666
                  ],
                  "expansionStates": [
                    false,
                    false,
                    false,
                    false,
                    false,
                    false
                  ]
                },
                "extensionmanager.main-view": {
                  "sizes": [
                    0.3333333333333333,
                    0.3333333333333333,
                    0.3333333333333333
                  ],
                  "expansionStates": [
                    false,
                    false,
                    false
                  ]
                }
              }
            },
            "right": {
              "collapsed": true,
              "visible": true,
              "widgets": [
                "jp-property-inspector",
                "debugger-sidebar"
              ],
              "widgetStates": {
                "jp-debugger-sidebar": {
                  "sizes": [
                    0.2,
                    0.2,
                    0.2,
                    0.2,
                    0.2
                  ],
                  "expansionStates": [
                    false,
                    false,
                    false,
                    false,
                    false
                  ]
                }
              }
            },
            "relativeSizes": [
              0.361671469740634,
              0.638328530259366,
              0
            ],
            "top": {
              "simpleVisibility": true
            }
          },
          "docmanager:recents": {
            "opened": [],
            "closed": []
          }
        },
        "metadata": {
          "id": "default",
          "last_modified": "2025-12-15T17:31:29.049682+00:00",
          "created": "2025-12-15T17:31:29.049682+00:00"
        }
      }
    ]
  }
}
